0,teams,sos,sos adj,sos adj2,seed,ws.40,aBPM,TS,TOV,StlBlk,OR,PER,depth,depth adj,BPM*WS/40*SOSa2*deptha
5,gonzaga,4.29,14.59,1.4948867544,1,8.7896666059,8.3861176899,6.2529875519,-7.1423631447,11.0389324103,0.478883221,2.1085680452,8,6.5,716.2341196147
33,arizona,6.97,17.27,1.5331824899,1,7.7475656141,7.4238618835,5.9299344023,-7.6520249987,11.2515736535,0.6546228487,1.9935250669,8,6.5,573.1949476849
37,houston,5.34,15.64,1.5105514159,XXXXXX,7.9026158421,7.0878898636,5.5473392461,-6.9266418172,14.4044850498,0.7428228502,1.9432414631,8,6.5,549.9670876661
13,texas-tech,8.55,18.85,1.5534479388,XXXXXX,6.7016235864,6.3850648309,5.5974772036,-8.7249628929,12.1426378013,0.541249852,1.6514196736,10,7.5,498.5437874949
53,iowa,7.33,17.63,1.5379345262,XXXXXX,6.6906675004,6.3191148594,5.6782841727,-5.5875635096,10.7924659562,0.5725760324,2.0136409486,10,7.5,487.6686159334
43,tennessee,10.42,20.72,1.5756453157,XXXXXX,6.3433980686,6.7380630515,5.3789990557,-7.3690016718,12.6370761629,0.5103425705,1.6554337584,9,7,471.426008574
31,kentucky,8.39,18.69,1.5514629015,XXXXXX,7.0810361245,7.1466192204,5.6485016978,-6.7644157191,9.6462085308,0.6175657613,1.9442706455,7,6,471.075045356
49,kansas,11.38,21.68,1.5863860846,1,6.2656126988,6.742017688,5.7165867306,-7.5975948802,9.3788242731,0.5485210743,1.7934446177,9,7,469.0945262066
27,purdue,8.74,19.04,1.5557866538,XXXXXX,6.3701793713,6.2333770706,6.0043002641,-7.2942400274,8.1087250294,0.6047792626,1.9016687525,10,7.5,463.3256732362
23,ucla,8.78,19.08,1.5562764855,XXXXXX,6.5627921189,6.4353894792,5.4390382138,-5.7764411299,10.1164567183,0.558966252,1.8252809463,9,7,460.0958114678
19,baylor,9.01,19.31,1.559076197,1,6.6121921024,6.807203547,5.4883602771,-7.5439485777,11.9542344045,0.5426201773,1.7430280553,8,6.5,456.1365749413
17,duke,6.13,16.43,1.5217581435,XXXXXX,6.9879276138,6.1753704779,5.8860891279,-6.3503528504,11.1711053356,0.5376920651,2.0312526505,8,6.5,426.8452039225
47,villanova,9.97,20.27,1.5704642779,XXXXXX,6.6253462633,6.831011595,5.7466076174,-6.2919689303,8.7216751186,0.5022522945,1.8334974483,7,6,426.4547107479
63,auburn,8.72,19.02,1.5555414098,XXXXXX,6.2752383159,6.1487065264,5.4426387124,-6.8763372069,16.0951392322,0.5149545917,1.7753513776,9,7,420.1395883781
9,connecticut,7.24,17.54,1.5367543048,XXXXXX,6.3831395925,5.6882584803,5.3502570694,-7.0693654593,12.028858739,0.6833638456,1.8006848736,9,7,390.585524111
57,louisiana-state,8.5,18.8,1.5528291581,XXXXXX,6.227459278,5.9225832044,5.3918785746,-8.7238147506,15.4171787036,0.5894163217,1.6666360188,8,6.5,372.2709101305
25,texas,8.47,18.77,1.552457218,XXXXXX,6.1373638984,5.4117522567,5.4194065591,-7.43182226,10.8412886598,0.5385463053,1.5929480482,9,7,360.9420346867
46,loyola-il,3.02,13.32,1.4746047677,XXXXXXX,6.7132871374,4.6095513138,5.9275671918,-7.9501579367,8.7724212631,0.420971121,1.6953599976,9,7,319.4240050244
39,illinois,9.64,19.94,1.5666023479,XXXXXX,5.8670770544,5.6430328176,5.5968035626,-7.2687125424,7.0214626391,0.5266821989,1.7369691828,7,6,311.2034417658
4,saint-marys-ca,6.48,16.78,1.5265772764,5,6.2037580779,5.0437945319,5.6075292969,-7.5074351505,8.8738193869,0.4002154101,1.6153173157,8,6.5,310.4876928997
30,san-francisco,5.53,15.83,1.5132899129,XXXXXXX,6.3101735608,4.89622233,5.6753363787,-7.528975977,10.8390667575,0.4964913605,1.7184195462,8,6.5,303.9050583461
51,san-diego-state,6.23,16.53,1.5231438737,XXXXXX,5.8158496539,4.8333564237,5.3137546272,-8.4149509114,12.6686617831,0.4737721266,1.4922886778,9,7,299.709812054
11,arkansas,8.12,18.42,1.5480801567,XXXXXX,5.7277885714,5.3758602041,5.4179094077,-7.3113991465,10.9574422442,0.4844571429,1.6403240816,7,6,286.0089604559
26,virginia-tech,5.71,16.01,1.5158586272,XXXXXXX,6.0153087869,4.7939269473,5.789793771,-7.4649587041,8.7173683438,0.4504811501,1.7166656887,8,6.5,284.1328151271
59,wisconsin,9.7,20,1.5673085377,XXXXXX,5.4409829783,5.3903512167,5.3673560341,-5.5039914134,8.0041210321,0.4562673578,1.7113482804,7,6,275.8037585107
45,ohio-state,9.04,19.34,1.5594392843,XXXXXX,5.2636092305,4.7418950998,5.8293484556,-7.2506310837,9.1459500094,0.5125425647,1.7476425551,9,7,272.459586148
41,colorado-state,4.98,15.28,1.5052842,XXXXXX,5.9727340967,3.9723278877,5.919394629,-6.618523778,9.7667555407,0.3922181627,1.7786526923,10,7.5,267.8539383748
35,seton-hall,8.67,18.97,1.5549273396,XXXXXX,5.5355833097,4.4398567002,5.2712114338,-7.2720545451,11.7533244459,0.5805949102,1.6890507132,9,7,267.5102849834
3,alabama,11.95,22.25,1.5925735638,6,4.8069769337,5.0987112637,5.6014339623,-8.3464379583,10.6865623949,0.5927260797,1.6847499567,8,6.5,253.7145162176
66,indiana,8.23,18.53,1.5494633668,12,5.0841685543,4.5110652776,5.4945964432,-7.232436814,10.9627371493,0.4312134136,1.5681958467,9,7,248.758772272
21,north-carolina,7.33,17.63,1.5379345262,XXXXXX,5.6630165174,5.1677839536,5.7415057208,-6.9925876951,8.9902386117,0.4816616794,1.8250223079,6,5.5,247.5441763802
8,memphis,7.26,17.56,1.5370170203,XXXXXXX,5.2699148417,4.063600255,5.6099317872,-9.8749043663,13.9065011209,0.6642208111,1.6365355788,10,7.5,246.8621552926
38,alabama-birmingham,-0.68,9.62,1.4043529174,XXXXXXX,7.1603350793,3.4866893897,5.6222164948,-6.8473978192,12.6637237622,0.5856103245,1.9172427986,9,7,245.4261910256
15,michigan-state,10.12,20.42,1.5722020588,XXXXXX,4.8363533189,4.5193975148,5.5594972305,-8.3068391252,10.4524113702,0.5408595653,1.6420620954,9,7,240.5497798578
16,davidson,1.68,11.98,1.4513378539,XXXXXXX,6.4614751691,3.939693697,6.0129087852,-6.5198775173,7.5763535912,0.4073286429,1.8252267921,8,6.5,240.1463646761
42,michigan,10.92,21.22,1.5812910284,XXXXXXX,4.7692686264,4.5456076142,5.5887882945,-7.3923747499,7.4251622566,0.5426980455,1.6506276163,9,7,239.9681344888
36,texas-christian,9.78,20.08,1.5682473281,XXXXXXX,4.9470978516,4.3527610382,5.2375286807,-8.4934496131,10.0976244712,0.6526465449,1.5319320556,9,7,236.3893586817
7,boise-state,5.46,15.76,1.5122842599,XXXXXX,6.0567466615,4.2958054733,5.4487818697,-7.5476094568,9.4660192616,0.5172397045,1.5942209489,7,6,236.0851649976
61,southern-california,6.44,16.74,1.5260308666,XXXXXX,5.547408356,4.25792146,5.4352396022,-7.2641336932,8.6334099491,0.5784869514,1.6781578474,8,6.5,234.2957751344
22,marquette,9.07,19.37,1.5598018931,XXXXXXX,4.8278465013,4.1193939627,5.6077669452,-8.101830151,11.8325096655,0.3449472712,1.604659475,9,7,217.1472155252
52,creighton,8.39,18.69,1.5514629015,XXXXXXX,5.0670413033,4.3251302893,5.6238297872,-8.5228721829,9.3530396797,0.5566335158,1.5836159684,7,6,204.0075708096
12,vermont,-6.27,4.03,1.2325250563,XXXXXXX,7.593605301,3.1101226576,5.9789995688,-6.4710255261,7.7109639916,0.3846830239,1.9001535131,9,7,203.7601885329
58,iowa-state,8.93,19.23,1.5581056149,XXXXXXX,4.7816458697,3.8833025451,5.3266634288,-8.8078397086,11.2118716408,0.4553735487,1.3816524983,9,7,202.5226348748
55,providence,7.53,17.83,1.5405390148,XXXXXX,5.072305055,3.9490771721,5.4521169647,-7.2409725656,8.4223263598,0.5067724018,1.5917762325,8,6.5,200.5797305325
65,wyoming,3.9,14.2,1.488823625,12,5.7553398189,3.4481305784,5.7313723814,-7.3154175172,5.7200801974,0.4189358167,1.5793338566,8,6.5,192.0486609681
1,notre-dame,6.11,16.41,1.5214801376,11,5.3086977857,3.5098561028,5.7337007525,-6.7383575724,6.2813285176,0.382325634,1.6472395571,7,6,170.0962940657
62,miami-fl,6.32,16.62,1.5243849518,XXXXXXX,4.9003900181,3.3962357934,5.7363860972,-6.3110641841,11.2130230371,0.3898018021,1.8195245148,8,6.5,164.9060126863
40,chattanooga,-1.38,8.92,1.388528276,XXXXXXX,6.5359772332,2.4906098538,5.7252281134,-6.991543753,9.2355097013,0.564941406,1.857998094,9,7,158.2227763703
2,rutgers,7.1,17.4,1.5349081328,11,4.6036924087,3.4518861794,5.2778426124,-7.4782772457,11.3773768089,0.5012630543,1.6300609144,7,6,146.35123906
56,south-dakota-state,-3.73,6.57,1.3262787321,XXXXXXX,6.6919542636,2.3324186617,6.3339222615,-6.7887916733,7.5849019608,0.4115422324,1.978908956,9,7,144.9079848789
54,richmond,3.95,14.25,1.4896088013,XXXXXXX,4.8535179321,2.7944919828,5.5032498974,-6.1775850557,9.4726181765,0.3763960561,1.6351150351,9,7,141.4261686658
10,new-mexico-state,0.58,10.88,1.4305213185,XXXXXXX,5.668473954,1.931969556,5.5466009852,-8.5975449439,9.6301042006,0.6387833984,1.5569460961,11,8,125.3287635968
6,georgia-state,-2.2,8.1,1.3685880792,16,5.7722541121,0.7025265621,5.0624186308,-6.6471999902,13.4324888529,0.638148123,1.6971086374,8,6.5,36.0739999695
64,jacksonville-state,-4.35,5.95,1.3067049758,XXXXXXX,5.7341579166,0.6115603269,5.8117463899,-8.0701133114,8.9670221493,0.5143617825,1.7009374211,9,7,32.0763200466
60,colgate,-6.95,3.35,1.1988275672,XXXXXXX,6.0678460473,0.6425023294,5.865360161,-7.1634791061,9.2694246243,0.4666379339,1.7983192298,8,6.5,30.3794101709
14,montana-state,-6,4.3,1.2445726941,XXXXXXX,5.8933505831,0.5643599843,5.8676670767,-8.1510085615,8.7098972923,0.4622825327,1.6670699288,9,7,28.975890928
48,delaware,-2.69,7.61,1.3558376779,XXXXXXX,4.9878151139,0.6456349856,5.7899425994,-7.9753493088,9.900804493,0.4932323636,1.7007558486,8,6.5,28.3803964513
32,saint-peters,-3.09,7.21,1.344900917,XXXXXXX,5.2568286518,0.5291968725,5.2842880086,-8.5172050594,11.9152906871,0.5182687275,1.4779899779,9,7,26.189633439
18,cal-state-fullerton,-2.52,7.78,1.3603383434,XXXXXXX,4.9389897713,0.483960629,5.4428633301,-7.5143177372,8.5902985075,0.4813278835,1.5560727353,8,6.5,21.1353018861
24,akron,-4.3,6,1.3083462307,XXXXXXX,5.8914545695,0.3741594232,5.6881215971,-7.5006151652,8.6257270694,0.4977811188,1.6639041204,8,6.5,18.7462871283
44,longwood,-7.06,3.24,1.1928387845,XXXXXXX,6.5682711129,0.3362131538,5.6210344828,-7.0959000351,9.8536302823,0.5740763536,1.7730978745,9,7,18.4393480759
29,murray-state,-3.54,6.76,1.3319625199,XXXXXX,0,0,NA,NA,0,0,0,9,7,0
20,norfolk-state,-10.3,0,0,XXXXXXX,6.6295703223,-0.3569812908,5.7093619048,-8.3433709909,9.7653936652,0.5189680152,1.6490091238,9,7,-0
34,bryant,-7.46,0,0,XXXXXXX,5.1220528695,-0.8355708029,5.4932528041,-8.1130143037,9.2340178867,0.5368813029,1.6204653421,9,7,-0
28,yale,-1.92,5.04,1.2745726071,XXXXXXX,4.6664132833,-0.0111946095,5.4632564103,-7.8369557111,8.6399443414,0.4120778703,1.4674974763,9,7,-0.466073886
50,texas-southern,-6.96,0,0,XXXXXXX,4.7202981413,-0.7919474156,5.2458258258,-8.9130907323,10.2192491468,0.5919975598,1.4131784212,10,7.5,-0
